System ID,Public Link,Tag 1 Type,Tag 1 ID,Tag 1 Organization,Tag 2 Type,Tag 2 ID,Tag 2 Organization,Tag 3 Type,Tag 3 ID,Tag 3 Organization,Device Hardware ID,Device Type,Device Chassis,Device Serial Number,Device Model,Device Manufacturer,Registered in,Registered (process),Updated in (software),Updated in (web),Physical state,Trading state,Processor,RAM (MB),Data Storage Size (MB),Processor 1,Processor 1 Manufacturer,Processor 1 Model,Processor 1 Serial Number,Processor 1 Number of cores,Processor 1 Speed (GHz),Benchmark Processor 1 (points),Benchmark ProcessorSysbench Processor 1 (points),Processor 2,Processor 2 Manufacturer,Processor 2 Model,Processor 2 Serial Number,Processor 2 Number of cores,Processor 2 Speed (GHz),Benchmark Processor 2 (points),Benchmark ProcessorSysbench Processor 2 (points),RamModule 1,RamModule 1 Manufacturer,RamModule 1 Model,RamModule 1 Serial Number,RamModule 1 Size (MB),RamModule 1 Speed (MHz),RamModule 2,RamModule 2 Manufacturer,RamModule 2 Model,RamModule 2 Serial Number,RamModule 2 Size (MB),RamModule 2 Speed (MHz),RamModule 3,RamModule 3 Manufacturer,RamModule 3 Model,RamModule 3 Serial Number,RamModule 3 Size (MB),RamModule 3 Speed (MHz),RamModule 4,RamModule 4 Manufacturer,RamModule 4 Model,RamModule 4 Serial Number,RamModule 4 Size (MB),RamModule 4 Speed (MHz),DataStorage 1,DataStorage 1 Manufacturer,DataStorage 1 Model,DataStorage 1 Serial Number,DataStorage 1 Size (MB),Erasure DataStorage 1,Erasure DataStorage 1 Serial Number,Erasure DataStorage 1 Size (MB),Erasure DataStorage 1 Software,Erasure DataStorage 1 Result,Erasure DataStorage 1 Type,Erasure DataStorage 1 Method,Erasure DataStorage 1 Elapsed (hours),Erasure DataStorage 1 Date,Erasure DataStorage 1 Steps,Erasure DataStorage 1 Steps Start Time,Erasure DataStorage 1 Steps End Time,Benchm22ark DataStorage 1 Read Speed (MB/s),Benchmark DataStorage 1 Writing speed (MB/s),Test DataStorage 1 Software,Test DataStorage 1 Type,Test DataStorage 1 Result,Test DataStorage 1 Power on (hours used),Test DataStorage 1 Lifetime remaining (percentage),DataStorage 2,DataStorage 2 Manufacturer,DataStorage 2 Model,DataStorage 2 Serial Number,DataStorage 2 Size (MB),Erasure DataStorage 2,Erasure DataStorage 2 Serial Number,Erasure DataStorage 2 Size (MB),Erasure DataStorage 2 Software,Erasure DataStorage 2 Result,Erasure DataStorage 2 Type,Erasure DataStorage 2 Method,Erasure DataStorage 2 Elapsed (hours),Erasure DataStorage 2 Date,Erasure DataStorage 2 Steps,Erasure DataStorage 2 Steps Start Time,Erasure DataStorage 2 Steps End Time,Benchmark DataStorage 2 Read Speed (MB/s),Benchmark DataStorage 2 Writing speed (MB/s),Test DataStorage 2 Software,Test DataStorage 2 Type,Test DataStorage 2 Result,Test DataStorage 2 Power on (hours used),Test DataStorage 2 Lifetime remaining (percentage),DataStorage 3,DataStorage 3 Manufacturer,DataStorage 3 Model,DataStorage 3 Serial Number,DataStorage 3 Size (MB),Erasure DataStorage 3,Erasure DataStorage 3 Serial Number,Erasure DataStorage 3 Size (MB),Erasure DataStorage 3 Software,Erasure DataStorage 3 Result,Erasure DataStorage 3 Type,Erasure DataStorage 3 Method,Erasure DataStorage 3 Elapsed (hours),Erasure DataStorage 3 Date,Erasure DataStorage 3 Steps,Erasure DataStorage 3 Steps Start Time,Erasure DataStorage 3 Steps End Time,Benchmark DataStorage 3 Read Speed (MB/s),Benchmark DataStorage 3 Writing speed (MB/s),Test DataStorage 3 Software,Test DataStorage 3 Type,Test DataStorage 3 Result,Test DataStorage 3 Power on (hours used),Test DataStorage 3 Lifetime remaining (percentage),DataStorage 4,DataStorage 4 Manufacturer,DataStorage 4 Model,DataStorage 4 Serial Number,DataStorage 4 Size (MB),Erasure DataStorage 4,Erasure DataStorage 4 Serial Number,Erasure DataStorage 4 Size (MB),Erasure DataStorage 4 Software,Erasure DataStorage 4 Result,Erasure DataStorage 4 Type,Erasure DataStorage 4 Method,Erasure DataStorage 4 Elapsed (hours),Erasure DataStorage 4 Date,Erasure DataStorage 4 Steps,Erasure DataStorage 4 Steps Start Time,Erasure DataStorage 4 Steps End Time,Benchmark DataStorage 4 Read Speed (MB/s),Benchmark DataStorage 4 Writing speed (MB/s),Test DataStorage 4 Software,Test DataStorage 4 Type,Test DataStorage 4 Result,Test DataStorage 4 Power on (hours used),Test DataStorage 4 Lifetime remaining (percentage),Motherboard 1,Motherboard 1 Manufacturer,Motherboard 1 Model,Motherboard 1 Serial Number,Display 1,Display 1 Manufacturer,Display 1 Model,Display 1 Serial Number,GraphicCard 1,GraphicCard 1 Manufacturer,GraphicCard 1 Model,GraphicCard 1 Serial Number,GraphicCard 1 Memory (MB),GraphicCard 2,GraphicCard 2 Manufacturer,GraphicCard 2 Model,GraphicCard 2 Serial Number,GraphicCard 2 Memory (MB),NetworkAdapter 1,NetworkAdapter 1 Manufacturer,NetworkAdapter 1 Model,NetworkAdapter 1 Serial Number,NetworkAdapter 2,NetworkAdapter 2 Manufacturer,NetworkAdapter 2 Model,NetworkAdapter 2 Serial Number,SoundCard 1,SoundCard 1 Manufacturer,SoundCard 1 Model,SoundCard 1 Serial Number,SoundCard 2,SoundCard 2 Manufacturer,SoundCard 2 Model,SoundCard 2 Serial Number,Device Rate,Device Range,Processor Rate,Processor Range,RAM Rate,RAM Range,Data Storage Rate,Data Storage Range,Price,Benchmark RamSysbench (points)
39,https://api.usody.com/usody/devices/39,unamed,BNYQ5,My Organization,,,,,,,desktop-hewlett-packard-hp_compaq_8000_elite_sff-czc038bqsb,Desktop,Tower,czc038bqsb,hp compaq 8000 elite sff,hewlett-packard,Wed Oct  7 15:15:46 2020,Workbench 11.0b11,2020-10-07 15:15:46.019785+00:00,,,,intel core2 quad cpu q9550 @ 2.83ghz,4096,320072,"Processor 41: model intel core2 quad cpu q9550 @ 2.83ghz, S/N None",intel corp.,intel core2 quad cpu q9550 @ 2.83ghz,,4,1998,22610.8,10.4676,,,,,,,,,"RamModule 43: model 8jtf25664az-1g4d1, S/N e9c72c29",jedec id:80 2c,8jtf25664az-1g4d1,e9c72c29,2048,1333,"RamModule 44: model 8jtf25664az-1g4d1, S/N e8c72c29",jedec id:80 2c,8jtf25664az-1g4d1,e8c72c29,2048,1333,,,,,,,,,,,,,"HardDrive 45: model st3320418as, S/N 9vmnj7fq",seagate,st3320418as,9vmnj7fq,320072,harddrive-seagate-st3320418as-9vmnj7fq,9vmnj7fq,320072,Workbench 11.0b11,Success,EraseBasic,Shred,0:59:50,2020-10-13 15:32:41.237291+00:00,✓ – StepRandom 0:59:50,2020-10-13 14:32:49.878315+00:00,2020-10-13 15:32:40.862004+00:00,101.0,23.0,Workbench 11.0b11,Short,Success,1289,"305 days, 17:00:00",,,,,,,,,,,,,,,,,,,,,,,,,,,,,,,,,,,,,,,,,,,,,,,,,,,,,,,,,,,,,,,,,,,,,,,,,"Motherboard 47: model 3646h, S/N czc038bqsb",hewlett-packard,3646h,czc038bqsb,,,,,"GraphicCard 46: model 4 series chipset integrated graphics controller, S/N None",intel corporation,4 series chipset integrated graphics controller,,,,,,,,"NetworkAdapter 40: model 82567lm-3 gigabit network connection, S/N 00:23:24:13:a6:62",intel corporation,82567lm-3 gigabit network connection,00:23:24:13:a6:62,,,,,"SoundCard 42: model 82801jd/do hd audio controller, S/N None",intel corporation,82801jd/do hd audio controller,,,,,,3.98,HIGH,3.92,HIGH,4.16,HIGH,3.88,HIGH,79.60 €,6.0278
48,https://api.usody.com/usody/devices/48,unamed,BADVB,My Organization,,,,,,,desktop-hewlett-packard-hp_compaq_8000_elite_sff-czc038bqsy,Desktop,Tower,czc038bqsy,hp compaq 8000 elite sff,hewlett-packard,Wed Oct  7 15:21:59 2020,Workbench 11.0b11,2020-10-07 15:21:59.044092+00:00,,,,intel core2 quad cpu q9550 @ 2.83ghz,4096,320072,"Processor 49: model intel core2 quad cpu q9550 @ 2.83ghz, S/N None",intel corp.,intel core2 quad cpu q9550 @ 2.83ghz,,4,1998,22610.04,10.4344,,,,,,,,,"RamModule 51: model 8jtf25664az-1g4d1, S/N 327b1a31",jedec id:80 2c,8jtf25664az-1g4d1,327b1a31,2048,1333,"RamModule 52: model 8jtf25664az-1g4d1, S/N 317b1a31",jedec id:80 2c,8jtf25664az-1g4d1,317b1a31,2048,1333,,,,,,,,,,,,,"HardDrive 53: model st3320418as, S/N 5vmhgyfc",seagate,st3320418as,5vmhgyfc,320072,harddrive-seagate-st3320418as-5vmhgyfc,5vmhgyfc,320072,Workbench 11.0b11,Success,EraseBasic,Shred,1:06:51,2020-10-13 16:25:29.275901+00:00,✓ – StepRandom 1:06:51,2020-10-13 15:18:37.410356+00:00,2020-10-13 16:25:28.435613+00:00,89.0,23.0,Workbench 11.0b11,Short,Success,1516,"310 days, 4:00:00",,,,,,,,,,,,,,,,,,,,,,,,,,,,,,,,,,,,,,,,,,,,,,,,,,,,,,,,,,,,,,,,,,,,,,,,,"Motherboard 56: model 3646h, S/N czc038bqsy",hewlett-packard,3646h,czc038bqsy,,,,,"GraphicCard 55: model 4 series chipset integrated graphics controller, S/N None",intel corporation,4 series chipset integrated graphics controller,,,,,,,,"NetworkAdapter 54: model 82567lm-3 gigabit network connection, S/N 1c:c1:de:53:75:67",intel corporation,82567lm-3 gigabit network connection,1c:c1:de:53:75:67,,,,,"SoundCard 50: model 82801jd/do hd audio controller, S/N None",intel corporation,82801jd/do hd audio controller,,,,,,3.98,HIGH,3.92,HIGH,4.16,HIGH,3.87,HIGH,79.60 €,5.9625
57,https://api.usody.com/usody/devices/57,unamed,9W7E5,My Organization,unamed,Z56D9,My Organization,,,,desktop-hewlett-packard-hp_compaq_8000_elite_sff-czc038bqt6,Desktop,Tower,czc038bqt6,hp compaq 8000 elite sff,hewlett-packard,Wed Oct  7 15:23:21 2020,Workbench 11.0b11,2020-10-07 15:23:21.485181+00:00,,,,intel core2 quad cpu q9550 @ 2.83ghz,4096,320072,"Processor 357: model intel core2 quad cpu q9550 @ 2.83ghz, S/N None",intel corp.,intel core2 quad cpu q9550 @ 2.83ghz,,4,2833,22610.04,10.4956,,,,,,,,,"RamModule 60: model 8jtf25664az-1g4d1, S/N acc72c29",jedec id:80 2c,8jtf25664az-1g4d1,acc72c29,2048,1333,"RamModule 61: model 8jtf25664az-1g4d1, S/N abc72c29",jedec id:80 2c,8jtf25664az-1g4d1,abc72c29,2048,1333,,,,,,,,,,,,,"HardDrive 62: model st3320418as, S/N 5vmhhctf",seagate,st3320418as,5vmhhctf,320072,harddrive-seagate-st3320418as-5vmhhctf,5vmhhctf,320072,Workbench 11.0b11,Success,EraseBasic,Shred,1:00:11,2020-10-13 14:19:27.669072+00:00,✓ – StepRandom 1:00:11,2020-10-13 13:19:14.968419+00:00,2020-10-13 14:19:26.050187+00:00,99.4,23.3,Workbench 11.0b11,Short,Success,1492,"411 days, 10:00:00",,,,,,,,,,,,,,,,,,,,,,,,,,,,,,,,,,,,,,,,,,,,,,,,,,,,,,,,,,,,,,,,,,,,,,,,,"Motherboard 65: model 3646h, S/N czc038bqt6",hewlett-packard,3646h,czc038bqt6,,,,,"GraphicCard 64: model 4 series chipset integrated graphics controller, S/N None",intel corporation,4 series chipset integrated graphics controller,,,,,,,,"NetworkAdapter 63: model 82567lm-3 gigabit network connection, S/N 00:23:24:13:a7:46",intel corporation,82567lm-3 gigabit network connection,00:23:24:13:a7:46,,,,,"SoundCard 59: model 82801jd/do hd audio controller, S/N None",intel corporation,82801jd/do hd audio controller,,,,,,4.02,HIGH,4.0,HIGH,4.16,HIGH,3.88,HIGH,80.40 €,5.9757
66,https://api.usody.com/usody/devices/66,unamed,A93Z9,My Organization,,,,,,,desktop-hewlett-packard-hp_compaq_8000_elite_sff-czc038bqs9,Desktop,Tower,czc038bqs9,hp compaq 8000 elite sff,hewlett-packard,Wed Oct  7 15:24:37 2020,Workbench 11.0b11,2020-10-07 15:24:37.407652+00:00,,,,intel core2 quad cpu q9550 @ 2.83ghz,4096,0,"Processor 67: model intel core2 quad cpu q9550 @ 2.83ghz, S/N None",intel corp.,intel core2 quad cpu q9550 @ 2.83ghz,,4,1998,22610.64,10.4957,,,,,,,,,"RamModule 70: model 8jtf25664az-1g4d1, S/N e7c72c29",jedec id:80 2c,8jtf25664az-1g4d1,e7c72c29,2048,1333,"RamModule 71: model 8jtf25664az-1g4d1, S/N e6c72c29",jedec id:80 2c,8jtf25664az-1g4d1,e6c72c29,2048,1333,,,,,,,,,,,,,,,,,,,,,,,,,,,,,,,,,,,,,,,,,,,,,,,,,,,,,,,,,,,,,,,,,,,,,,,,,,,,,,,,,,,,,,,,,,,,,,,,,,,,,,,,,,,,,"Motherboard 74: model 3646h, S/N czc038bqs9",hewlett-packard,3646h,czc038bqs9,,,,,"GraphicCard 69: model 4 series chipset integrated graphics controller, S/N None",intel corporation,4 series chipset integrated graphics controller,,,,,,,,"NetworkAdapter 73: model 82567lm-3 gigabit network connection, S/N 00:23:24:13:a5:bd",intel corporation,82567lm-3 gigabit network connection,00:23:24:13:a5:bd,,,,,"SoundCard 68: model 82801jd/do hd audio controller, S/N None",intel corporation,82801jd/do hd audio controller,,,,,,3.98,HIGH,3.92,HIGH,4.16,HIGH,3.88,HIGH,79.60 €,5.9967
85,https://api.usody.com/usody/devices/85,unamed,ZBNQB,My Organization,,,,,,,desktop-hewlett-packard-hp_compaq_8000_elite_sff-czc038bqsm,Desktop,Tower,czc038bqsm,hp compaq 8000 elite sff,hewlett-packard,Wed Oct  7 15:34:52 2020,Workbench 11.0b11,2020-10-07 15:34:52.584235+00:00,,,,intel core2 quad cpu q9550 @ 2.83ghz,4096,320072,"Processor 374: model intel core2 quad cpu q9550 @ 2.83ghz, S/N None",intel corp.,intel core2 quad cpu q9550 @ 2.83ghz,,4,2833,22610.12,9.9908,,,,,,,,,"RamModule 88: model 8jtf25664az-1g4d1, S/N bab01931",jedec id:80 2c,8jtf25664az-1g4d1,bab01931,2048,1333,"RamModule 89: model 8jtf25664az-1g4d1, S/N b9b01931",jedec id:80 2c,8jtf25664az-1g4d1,b9b01931,2048,1333,,,,,,,,,,,,,"HardDrive 375: model st3320418as, S/N 5vmhhfw1",seagate,st3320418as,5vmhhfw1,320072,harddrive-seagate-st3320418as-5vmhhfw1,5vmhhfw1,320072,,,,,,,,,,100.0,25.0,Workbench 11.0b11,Short,Success,2475,"980 days, 13:00:00",,,,,,,,,,,,,,,,,,,,,,,,,,,,,,,,,,,,,,,,,,,,,,,,,,,,,,,,,,,,,,,,,,,,,,,,,"Motherboard 93: model 3646h, S/N czc038bqsm",hewlett-packard,3646h,czc038bqsm,,,,,"GraphicCard 92: model 4 series chipset integrated graphics controller, S/N None",intel corporation,4 series chipset integrated graphics controller,,,,,,,,"NetworkAdapter 91: model 82567lm-3 gigabit network connection, S/N 1c:c1:de:53:75:4a",intel corporation,82567lm-3 gigabit network connection,1c:c1:de:53:75:4a,,,,,"SoundCard 86: model 82801jd/do hd audio controller, S/N None",intel corporation,82801jd/do hd audio controller,,,,,,4.02,HIGH,4.0,HIGH,4.16,HIGH,3.89,HIGH,80.40 €,6.0003
94,https://api.usody.com/usody/devices/94,unamed,N9DJ9,My Organization,,,,,,,desktop-hewlett-packard-hp_compaq_8000_elite_sff-czc038bqrd,Desktop,Tower,czc038bqrd,hp compaq 8000 elite sff,hewlett-packard,Wed Oct  7 15:43:05 2020,Workbench 11.0b11,2020-10-07 15:43:05.079454+00:00,,,,intel core2 quad cpu q9550 @ 2.83ghz,4096,320072,"Processor 96: model intel core2 quad cpu q9550 @ 2.83ghz, S/N None",intel corp.,intel core2 quad cpu q9550 @ 2.83ghz,,4,1998,22608.44,10.3341,,,,,,,,,"RamModule 98: model 8jtf25664az-1g4d1, S/N c9c72c29",jedec id:80 2c,8jtf25664az-1g4d1,c9c72c29,2048,1333,"RamModule 99: model 8jtf25664az-1g4d1, S/N c8c72c29",jedec id:80 2c,8jtf25664az-1g4d1,c8c72c29,2048,1333,,,,,,,,,,,,,"HardDrive 100: model st3320418as, S/N 9vmngtv1",seagate,st3320418as,9vmngtv1,320072,harddrive-seagate-st3320418as-9vmngtv1,9vmngtv1,320072,Workbench 11.0b11,Success,EraseBasic,Shred,0:57:09,2020-10-13 15:37:37.319224+00:00,✓ – StepRandom 0:57:09,2020-10-13 14:40:27.009231+00:00,2020-10-13 15:37:36.155835+00:00,104.0,23.1,Workbench 11.0b11,Short,Success,1851,"418 days, 7:00:00",,,,,,,,,,,,,,,,,,,,,,,,,,,,,,,,,,,,,,,,,,,,,,,,,,,,,,,,,,,,,,,,,,,,,,,,,"Motherboard 102: model 3646h, S/N czc038bqrd",hewlett-packard,3646h,czc038bqrd,,,,,"GraphicCard 101: model 4 series chipset integrated graphics controller, S/N None",intel corporation,4 series chipset integrated graphics controller,,,,,,,,"NetworkAdapter 95: model 82567lm-3 gigabit network connection, S/N 00:23:24:13:a6:38",intel corporation,82567lm-3 gigabit network connection,00:23:24:13:a6:38,,,,,"SoundCard 97: model 82801jd/do hd audio controller, S/N None",intel corporation,82801jd/do hd audio controller,,,,,,3.98,HIGH,3.92,HIGH,4.16,HIGH,3.89,HIGH,79.60 €,6.0013
103,https://api.usody.com/usody/devices/103,unamed,797R9,My Organization,,,,,,,desktop-hewlett-packard-hp_compaq_8000_elite_sff-czc038bqvg,Desktop,Tower,czc038bqvg,hp compaq 8000 elite sff,hewlett-packard,Wed Oct  7 15:51:15 2020,Workbench 11.0b11,2020-10-07 15:51:15.186608+00:00,,,,intel core2 quad cpu q9550 @ 2.83ghz,4096,320072,"Processor 365: model intel core2 quad cpu q9550 @ 2.83ghz, S/N None",intel corp.,intel core2 quad cpu q9550 @ 2.83ghz,,4,1998,22612.16,10.4587,,,,,,,,,"RamModule 106: model 8jtf25664az-1g4d1, S/N dfc72c29",jedec id:80 2c,8jtf25664az-1g4d1,dfc72c29,2048,1333,"RamModule 107: model 8jtf25664az-1g4d1, S/N e2c72c29",jedec id:80 2c,8jtf25664az-1g4d1,e2c72c29,2048,1333,,,,,,,,,,,,,"HardDrive 108: model st3320418as, S/N 9vmnhy04",seagate,st3320418as,9vmnhy04,320072,harddrive-seagate-st3320418as-9vmnhy04,9vmnhy04,320072,Workbench 11.0b11,Success,EraseBasic,Shred,0:59:56,2020-10-13 15:27:08.159826+00:00,✓ – StepRandom 0:59:56,2020-10-13 14:27:11.664870+00:00,2020-10-13 15:27:07.771615+00:00,99.4,23.2,Workbench 11.0b11,Short,Success,1899,"447 days, 23:00:00",,,,,,,,,,,,,,,,,,,,,,,,,,,,,,,,,,,,,,,,,,,,,,,,,,,,,,,,,,,,,,,,,,,,,,,,,"Motherboard 111: model 3646h, S/N czc038bqvg",hewlett-packard,3646h,czc038bqvg,,,,,"GraphicCard 110: model 4 series chipset integrated graphics controller, S/N None",intel corporation,4 series chipset integrated graphics controller,,,,,,,,"NetworkAdapter 104: model 82567lm-3 gigabit network connection, S/N 00:23:24:13:a4:2d",intel corporation,82567lm-3 gigabit network connection,00:23:24:13:a4:2d,,,,,"SoundCard 109: model 82801jd/do hd audio controller, S/N None",intel corporation,82801jd/do hd audio controller,,,,,,3.98,HIGH,3.92,HIGH,4.16,HIGH,3.88,HIGH,79.60 €,6.0129
112,https://api.usody.com/usody/devices/112,unamed,E9KPB,My Organization,,,,,,,desktop-hewlett-packard-hp_compaq_8000_elite_sff-czc038bqtt,Desktop,Tower,czc038bqtt,hp compaq 8000 elite sff,hewlett-packard,Wed Oct  7 15:53:16 2020,Workbench 11.0b11,2020-10-07 15:53:16.733755+00:00,,,,intel core2 quad cpu q9550 @ 2.83ghz,4096,320072,"Processor 118: model intel core2 quad cpu q9550 @ 2.83ghz, S/N None",intel corp.,intel core2 quad cpu q9550 @ 2.83ghz,,4,2833,22607.96,10355,,,,,,,,,"RamModule 115: model 8jtf25664az-1g4d1, S/N 2f7b1a31",jedec id:80 2c,8jtf25664az-1g4d1,2f7b1a31,2048,1333,"RamModule 116: model 8jtf25664az-1g4d1, S/N 2e7b1a31",jedec id:80 2c,8jtf25664az-1g4d1,2e7b1a31,2048,1333,,,,,,,,,,,,,"HardDrive 117: model st3320418as, S/N 9vmnhy5a",seagate,st3320418as,9vmnhy5a,320072,harddrive-seagate-st3320418as-9vmnhy5a,9vmnhy5a,320072,Workbench 11.0b11,Success,EraseBasic,Shred,0:59:43,2020-10-13 15:29:25.208084+00:00,✓ – StepRandom 0:59:43,2020-10-13 14:29:40.858960+00:00,2020-10-13 15:29:24.758246+00:00,101.0,23.0,Workbench 11.0b11,Short,Success,1832,"417 days, 4:00:00",,,,,,,,,,,,,,,,,,,,,,,,,,,,,,,,,,,,,,,,,,,,,,,,,,,,,,,,,,,,,,,,,,,,,,,,,"Motherboard 120: model 3646h, S/N czc038bqtt",hewlett-packard,3646h,czc038bqtt,,,,,"GraphicCard 119: model 4 series chipset integrated graphics controller, S/N None",intel corporation,4 series chipset integrated graphics controller,,,,,,,,"NetworkAdapter 113: model 82567lm-3 gigabit network connection, S/N 1c:c1:de:53:75:54",intel corporation,82567lm-3 gigabit network connection,1c:c1:de:53:75:54,,,,,"SoundCard 114: model 82801jd/do hd audio controller, S/N None",intel corporation,82801jd/do hd audio controller,,,,,,4.02,HIGH,4.0,HIGH,4.16,HIGH,3.88,HIGH,80.40 €,6.0084
121,https://api.usody.com/usody/devices/121,unamed,ABOZ5,My Organization,,,,,,,desktop-hewlett-packard-hp_compaq_8000_elite_sff-czc038bqsq,Desktop,Tower,czc038bqsq,hp compaq 8000 elite sff,hewlett-packard,Wed Oct  7 15:55:02 2020,Workbench 11.0b11,2020-10-07 15:55:02.721844+00:00,,,,intel core2 quad cpu q9550 @ 2.83ghz,4096,320072,"Processor 123: model intel core2 quad cpu q9550 @ 2.83ghz, S/N None",intel corp.,intel core2 quad cpu q9550 @ 2.83ghz,,4,1998,22611.64,10.6307,,,,,,,,,"RamModule 124: model 8jtf25664az-1g4d1, S/N c4b01931",jedec id:80 2c,8jtf25664az-1g4d1,c4b01931,2048,1333,"RamModule 125: model 8jtf25664az-1g4d1, S/N c3b01931",jedec id:80 2c,8jtf25664az-1g4d1,c3b01931,2048,1333,,,,,,,,,,,,,"HardDrive 354: model st3320418as, S/N 5vmhetce",seagate,st3320418as,5vmhetce,320072,harddrive-seagate-st3320418as-5vmhetce,5vmhetce,320072,Workbench 11.0b11,Success,EraseBasic,Shred,0:59:54,2020-10-13 12:21:48.813230+00:00,✓ – StepRandom 0:59:54,2020-10-13 11:21:53.573855+00:00,2020-10-13 12:21:47.634115+00:00,10.4,7.3,,,,,,,,,,,,,,,,,,,,,,,,,,,,,,,,,,,,,,,,,,,,,,,,,,,,,,,,,,,,,,,,,,,,,,,,,,,,,,"Motherboard 128: model 3646h, S/N czc038bqsq",hewlett-packard,3646h,czc038bqsq,,,,,"GraphicCard 127: model 4 series chipset integrated graphics controller, S/N None",intel corporation,4 series chipset integrated graphics controller,,,,,,,,"NetworkAdapter 122: model 82567lm-3 gigabit network connection, S/N 1c:c1:de:53:75:75",intel corporation,82567lm-3 gigabit network connection,1c:c1:de:53:75:75,,,,,"SoundCard 126: model 82801jd/do hd audio controller, S/N None",intel corporation,82801jd/do hd audio controller,,,,,,3.34,HIGH,3.92,HIGH,4.16,HIGH,2.01,MEDIUM,66.80 €,6.0323
129,https://api.usody.com/usody/devices/129,unamed,4BAVB,My Organization,,,,,,,desktop-hewlett-packard-hp_compaq_8000_elite_sff-czc038bqsx,Desktop,Tower,czc038bqsx,hp compaq 8000 elite sff,hewlett-packard,Wed Oct  7 16:00:04 2020,Workbench 11.0b11,2020-10-07 16:00:04.836040+00:00,,,,intel core2 quad cpu q9550 @ 2.83ghz,4096,320072,"Processor 358: model intel core2 quad cpu q9550 @ 2.83ghz, S/N None",intel corp.,intel core2 quad cpu q9550 @ 2.83ghz,,4,2833,22608.88,10.4088,,,,,,,,,"RamModule 133: model 8jtf25664az-1g4d1, S/N 307b1a31",jedec id:80 2c,8jtf25664az-1g4d1,307b1a31,2048,1333,"RamModule 134: model 8jtf25664az-1g4d1, S/N 347b1a31",jedec id:80 2c,8jtf25664az-1g4d1,347b1a31,2048,1333,,,,,,,,,,,,,"HardDrive 135: model st3320418as, S/N 5vmhgk8z",seagate,st3320418as,5vmhgk8z,320072,harddrive-seagate-st3320418as-5vmhgk8z,5vmhgk8z,320072,Workbench 11.0b11,Success,EraseBasic,Shred,1:00:10,2020-10-13 14:27:08.231528+00:00,✓ – StepRandom 1:00:10,2020-10-13 13:26:56.083750+00:00,2020-10-13 14:27:06.951487+00:00,94.9,22.6,Workbench 11.0b11,Short,Success,1723,"361 days, 4:00:00",,,,,,,,,,,,,,,,,,,,,,,,,,,,,,,,,,,,,,,,,,,,,,,,,,,,,,,,,,,,,,,,,,,,,,,,,"Motherboard 137: model 3646h, S/N czc038bqsx",hewlett-packard,3646h,czc038bqsx,,,,,"GraphicCard 132: model 4 series chipset integrated graphics controller, S/N None",intel corporation,4 series chipset integrated graphics controller,,,,,,,,"NetworkAdapter 136: model 82567lm-3 gigabit network connection, S/N 1c:c1:de:57:5f:6a",intel corporation,82567lm-3 gigabit network connection,1c:c1:de:57:5f:6a,,,,,"SoundCard 131: model 82801jd/do hd audio controller, S/N None",intel corporation,82801jd/do hd audio controller,,,,,,4.02,HIGH,4.0,HIGH,4.16,HIGH,3.87,HIGH,80.40 €,5.9801
138,https://api.usody.com/usody/devices/138,unamed,65Z35,My Organization,,,,,,,desktop-hewlett-packard-hp_compaq_8000_elite_sff-czc038bqtz,Desktop,Tower,czc038bqtz,hp compaq 8000 elite sff,hewlett-packard,Wed Oct  7 16:02:16 2020,Workbench 11.0b11,2020-10-07 16:02:16.840448+00:00,,,,intel core2 quad cpu q9550 @ 2.83ghz,4096,320072,"Processor 335: model intel core2 quad cpu q9550 @ 2.83ghz, S/N None",intel corp.,intel core2 quad cpu q9550 @ 2.83ghz,,4,2833,22611.8,10.4244,,,,,,,,,"RamModule 142: model 8jtf25664az-1g4d1, S/N b6b01931",jedec id:80 2c,8jtf25664az-1g4d1,b6b01931,2048,1333,"RamModule 143: model 8jtf25664az-1g4d1, S/N b5b01931",jedec id:80 2c,8jtf25664az-1g4d1,b5b01931,2048,1333,,,,,,,,,,,,,"HardDrive 144: model st3320418as, S/N 5vmhgyjl",seagate,st3320418as,5vmhgyjl,320072,harddrive-seagate-st3320418as-5vmhgyjl,5vmhgyjl,320072,Workbench 11.0b11,Success,EraseBasic,Shred,0:59:39,2020-10-07 17:21:29.741543+00:00,✓ – StepRandom 0:59:39,2020-10-07 16:21:49.165602+00:00,2020-10-07 17:21:28.585582+00:00,96.3,22.9,Workbench 11.0b11,Short,Success,2883,"1086 days, 8:00:00",,,,,,,,,,,,,,,,,,,,,,,,,,,,,,,,,,,,,,,,,,,,,,,,,,,,,,,,,,,,,,,,,,,,,,,,,"Motherboard 146: model 3646h, S/N czc038bqtz",hewlett-packard,3646h,czc038bqtz,,,,,"GraphicCard 145: model 4 series chipset integrated graphics controller, S/N None",intel corporation,4 series chipset integrated graphics controller,,,,,,,,"NetworkAdapter 139: model 82567lm-3 gigabit network connection, S/N 1c:c1:de:57:5f:2e",intel corporation,82567lm-3 gigabit network connection,1c:c1:de:57:5f:2e,,,,,"SoundCard 140: model 82801jd/do hd audio controller, S/N None",intel corporation,82801jd/do hd audio controller,,,,,,4.02,HIGH,4.0,HIGH,4.16,HIGH,3.88,HIGH,80.40 €,5.9839
147,https://api.usody.com/usody/devices/147,unamed,2BGO5,My Organization,,,,,,,desktop-hewlett-packard-hp_compaq_8000_elite_sff-czc038bqrj,Desktop,Tower,czc038bqrj,hp compaq 8000 elite sff,hewlett-packard,Wed Oct  7 16:08:34 2020,Workbench 11.0b11,2020-10-07 16:08:34.803657+00:00,,,,intel core2 quad cpu q9550 @ 2.83ghz,4096,320072,"Processor 153: model intel core2 quad cpu q9550 @ 2.83ghz, S/N None",intel corp.,intel core2 quad cpu q9550 @ 2.83ghz,,4,1998,22608.76,10.3701,,,,,,,,,"RamModule 150: model 8jtf25664az-1g4d1, S/N d2c72c29",jedec id:80 2c,8jtf25664az-1g4d1,d2c72c29,2048,1333,"RamModule 151: model m378b5773ch0-ch9, S/N 1f3fef63",jedec id:80 ce,m378b5773ch0-ch9,1f3fef63,2048,1333,,,,,,,,,,,,,"HardDrive 152: model st3320418as, S/N 5vmhgyck",seagate,st3320418as,5vmhgyck,320072,harddrive-seagate-st3320418as-5vmhgyck,5vmhgyck,320072,Workbench 11.0b11,Success,EraseBasic,Shred,1:00:02,2020-10-07 16:08:34.821070+00:00,✓ – StepRandom 1:00:02,2020-10-07 15:08:31.393987+00:00,2020-10-07 16:08:33.659399+00:00,97.6,22.8,,,,,,,,,,,,,,,,,,,,,,,,,,,,,,,,,,,,,,,,,,,,,,,,,,,,,,,,,,,,,,,,,,,,,,,,,,,,,,"Motherboard 155: model 3646h, S/N czc038bqrj",hewlett-packard,3646h,czc038bqrj,,,,,"GraphicCard 154: model 4 series chipset integrated graphics controller, S/N None",intel corporation,4 series chipset integrated graphics controller,,,,,,,,"NetworkAdapter 148: model 82567lm-3 gigabit network connection, S/N 00:23:24:13:a5:ff",intel corporation,82567lm-3 gigabit network connection,00:23:24:13:a5:ff,,,,,"SoundCard 149: model 82801jd/do hd audio controller, S/N None",intel corporation,82801jd/do hd audio controller,,,,,,3.98,HIGH,3.92,HIGH,4.16,HIGH,3.88,HIGH,79.60 €,6.1094
156,https://api.usody.com/usody/devices/156,unamed,W5LX5,My Organization,,,,,,,desktop-hewlett-packard-hp_compaq_8000_elite_sff-czc038bqrc,Desktop,Tower,czc038bqrc,hp compaq 8000 elite sff,hewlett-packard,Wed Oct  7 16:10:16 2020,Workbench 11.0b11,2020-10-07 16:10:16.344006+00:00,,,,intel core2 quad cpu q9550 @ 2.83ghz,4096,320072,"Processor 162: model intel core2 quad cpu q9550 @ 2.83ghz, S/N None",intel corp.,intel core2 quad cpu q9550 @ 2.83ghz,,4,1998,22610.76,10417,,,,,,,,,"RamModule 159: model 8jtf25664az-1g4d1, S/N c7c72c29",jedec id:80 2c,8jtf25664az-1g4d1,c7c72c29,2048,1333,"RamModule 160: model 8jtf25664az-1g4d1, S/N c6c72c29",jedec id:80 2c,8jtf25664az-1g4d1,c6c72c29,2048,1333,,,,,,,,,,,,,"HardDrive 161: model st3320418as, S/N 5vmhhd9g",seagate,st3320418as,5vmhhd9g,320072,harddrive-seagate-st3320418as-5vmhhd9g,5vmhhd9g,320072,Workbench 11.0b11,Success,EraseBasic,Shred,0:59:45,2020-10-13 14:20:11.032700+00:00,✓ – StepRandom 0:59:45,2020-10-13 13:20:23.791529+00:00,2020-10-13 14:20:09.736915+00:00,97.0,22.9,Workbench 11.0b11,Short,Success,3420,"1096 days, 2:00:00",,,,,,,,,,,,,,,,,,,,,,,,,,,,,,,,,,,,,,,,,,,,,,,,,,,,,,,,,,,,,,,,,,,,,,,,,"Motherboard 164: model 3646h, S/N czc038bqrc",hewlett-packard,3646h,czc038bqrc,,,,,"GraphicCard 163: model 4 series chipset integrated graphics controller, S/N None",intel corporation,4 series chipset integrated graphics controller,,,,,,,,"NetworkAdapter 157: model 82567lm-3 gigabit network connection, S/N 00:23:24:13:a7:05",intel corporation,82567lm-3 gigabit network connection,00:23:24:13:a7:05,,,,,"SoundCard 158: model 82801jd/do hd audio controller, S/N None",intel corporation,82801jd/do hd audio controller,,,,,,3.98,HIGH,3.92,HIGH,4.16,HIGH,3.88,HIGH,79.60 €,6.0292
165,https://api.usody.com/usody/devices/165,unamed,JBRN5,My Organization,,,,,,,desktop-hewlett-packard-hp_compaq_8000_elite_sff-czc038bqtj,Desktop,Tower,czc038bqtj,hp compaq 8000 elite sff,hewlett-packard,Wed Oct  7 16:12:09 2020,Workbench 11.0b11,2020-10-07 16:12:09.174461+00:00,,,,intel core2 quad cpu q9550 @ 2.83ghz,4096,320072,"Processor 167: model intel core2 quad cpu q9550 @ 2.83ghz, S/N None",intel corp.,intel core2 quad cpu q9550 @ 2.83ghz,,4,2833,22610.84,10.5241,,,,,,,,,"RamModule 169: model 8jtf25664az-1g4d1, S/N a3b01931",jedec id:80 2c,8jtf25664az-1g4d1,a3b01931,2048,1333,"RamModule 170: model 8jtf25664az-1g4d1, S/N a2b01931",jedec id:80 2c,8jtf25664az-1g4d1,a2b01931,2048,1333,,,,,,,,,,,,,"HardDrive 171: model st3320418as, S/N 9vmnf0bl",seagate,st3320418as,9vmnf0bl,320072,harddrive-seagate-st3320418as-9vmnf0bl,9vmnf0bl,320072,Workbench 11.0b11,Success,EraseBasic,Shred,0:59:39,2020-10-07 17:18:05.963638+00:00,✓ – StepRandom 0:59:39,2020-10-07 16:18:25.572743+00:00,2020-10-07 17:18:04.746840+00:00,98.5,23.0,Workbench 11.0b11,Short,Success,1378,"481 days, 14:00:00",,,,,,,,,,,,,,,,,,,,,,,,,,,,,,,,,,,,,,,,,,,,,,,,,,,,,,,,,,,,,,,,,,,,,,,,,"Motherboard 173: model 3646h, S/N czc038bqtj",hewlett-packard,3646h,czc038bqtj,,,,,"GraphicCard 172: model 4 series chipset integrated graphics controller, S/N None",intel corporation,4 series chipset integrated graphics controller,,,,,,,,"NetworkAdapter 166: model 82567lm-3 gigabit network connection, S/N 1c:c1:de:57:8e:a6",intel corporation,82567lm-3 gigabit network connection,1c:c1:de:57:8e:a6,,,,,"SoundCard 168: model 82801jd/do hd audio controller, S/N None",intel corporation,82801jd/do hd audio controller,,,,,,4.02,HIGH,4.0,HIGH,4.16,HIGH,3.88,HIGH,80.40 €,5.9815
174,https://api.usody.com/usody/devices/174,unamed,W5PV5,My Organization,,,,,,,desktop-hewlett-packard-hp_compaq_8000_elite_sff-czc038bqrv,Desktop,Tower,czc038bqrv,hp compaq 8000 elite sff,hewlett-packard,Wed Oct  7 16:14:46 2020,Workbench 11.0b11,2020-10-07 16:14:46.453209+00:00,,,,intel core2 quad cpu q9550 @ 2.83ghz,4096,320072,"Processor 176: model intel core2 quad cpu q9550 @ 2.83ghz, S/N None",intel corp.,intel core2 quad cpu q9550 @ 2.83ghz,,4,1998,22611.12,10.4673,,,,,,,,,"RamModule 177: model 8jtf25664az-1g4d1, S/N c2c72c29",jedec id:80 2c,8jtf25664az-1g4d1,c2c72c29,2048,1333,"RamModule 178: model 8jtf25664az-1g4d1, S/N c1c72c29",jedec id:80 2c,8jtf25664az-1g4d1,c1c72c29,2048,1333,,,,,,,,,,,,,"HardDrive 179: model st3320418as, S/N 5vmhhdk5",seagate,st3320418as,5vmhhdk5,320072,harddrive-seagate-st3320418as-5vmhhdk5,5vmhhdk5,320072,Workbench 11.0b11,Success,EraseBasic,Shred,0:59:55,2020-10-07 16:14:46.471696+00:00,✓ – StepRandom 0:59:55,2020-10-07 15:14:51.009279+00:00,2020-10-07 16:14:46.103872+00:00,99.9,23.2,,,,,,,,,,,,,,,,,,,,,,,,,,,,,,,,,,,,,,,,,,,,,,,,,,,,,,,,,,,,,,,,,,,,,,,,,,,,,,"Motherboard 182: model 3646h, S/N czc038bqrv",hewlett-packard,3646h,czc038bqrv,,,,,"GraphicCard 181: model 4 series chipset integrated graphics controller, S/N None",intel corporation,4 series chipset integrated graphics controller,,,,,,,,"NetworkAdapter 175: model 82567lm-3 gigabit network connection, S/N 00:23:24:13:a7:6f",intel corporation,82567lm-3 gigabit network connection,00:23:24:13:a7:6f,,,,,"SoundCard 180: model 82801jd/do hd audio controller, S/N None",intel corporation,82801jd/do hd audio controller,,,,,,3.98,HIGH,3.92,HIGH,4.16,HIGH,3.88,HIGH,79.60 €,5.9945
183,https://api.usody.com/usody/devices/183,unamed,DBE49,My Organization,,,,,,,desktop-hewlett-packard-hp_compaq_8000_elite_sff-czc038bqt9,Desktop,Tower,czc038bqt9,hp compaq 8000 elite sff,hewlett-packard,Wed Oct  7 16:15:41 2020,Workbench 11.0b11,2020-10-07 16:15:41.398077+00:00,,,,intel core2 quad cpu q9550 @ 2.83ghz,4096,320072,"Processor 185: model intel core2 quad cpu q9550 @ 2.83ghz, S/N None",intel corp.,intel core2 quad cpu q9550 @ 2.83ghz,,4,2833,22609.28,10.4465,,,,,,,,,"RamModule 187: model m378b2873eh1-ch9, S/N bad24863",jedec id:80 ce,m378b2873eh1-ch9,bad24863,1024,1333,"RamModule 188: model 8jtf25664az-1g4d1, S/N b3c72c29",jedec id:80 2c,8jtf25664az-1g4d1,b3c72c29,2048,1333,"RamModule 189: model m378b2873eh1-ch9, S/N b7d24863",jedec id:80 ce,m378b2873eh1-ch9,b7d24863,1024,1333,,,,,,,"HardDrive 190: model st3320418as, S/N 9vmnhref",seagate,st3320418as,9vmnhref,320072,harddrive-seagate-st3320418as-9vmnhref,9vmnhref,320072,Workbench 11.0b11,Success,EraseBasic,Shred,0:59:46,2020-10-13 15:36:40.585415+00:00,✓ – StepRandom 0:59:46,2020-10-13 14:36:53.290265+00:00,2020-10-13 15:36:39.931812+00:00,95.4,22.8,Workbench 11.0b11,Short,Success,3518,"1547 days, 15:00:00",,,,,,,,,,,,,,,,,,,,,,,,,,,,,,,,,,,,,,,,,,,,,,,,,,,,,,,,,,,,,,,,,,,,,,,,,"Motherboard 192: model 3646h, S/N czc038bqt9",hewlett-packard,3646h,czc038bqt9,,,,,"GraphicCard 191: model 4 series chipset integrated graphics controller, S/N None",intel corporation,4 series chipset integrated graphics controller,,,,,,,,"NetworkAdapter 184: model 82567lm-3 gigabit network connection, S/N 00:23:24:13:a5:37",intel corporation,82567lm-3 gigabit network connection,00:23:24:13:a5:37,,,,,"SoundCard 186: model 82801jd/do hd audio controller, S/N None",intel corporation,82801jd/do hd audio controller,,,,,,4.02,HIGH,4.0,HIGH,4.16,HIGH,3.87,HIGH,80.40 €,6.0113
202,https://api.usody.com/usody/devices/202,unamed,3BYJB,My Organization,,,,,,,desktop-hewlett-packard-hp_compaq_8000_elite_sff-czc038bqtp,Desktop,Tower,czc038bqtp,hp compaq 8000 elite sff,hewlett-packard,Wed Oct  7 16:18:31 2020,Workbench 11.0b11,2020-10-07 16:18:31.152192+00:00,,,,intel core2 quad cpu q9550 @ 2.83ghz,4096,320072,"Processor 203: model intel core2 quad cpu q9550 @ 2.83ghz, S/N None",intel corp.,intel core2 quad cpu q9550 @ 2.83ghz,,4,1998,22611.36,10515,,,,,,,,,"RamModule 205: model 8jtf25664az-1g4d1, S/N 277b1a31",jedec id:80 2c,8jtf25664az-1g4d1,277b1a31,2048,1333,"RamModule 206: model 8jtf25664az-1g4d1, S/N 267b1a31",jedec id:80 2c,8jtf25664az-1g4d1,267b1a31,2048,1333,,,,,,,,,,,,,"HardDrive 207: model st3320418as, S/N 5vmh59jx",seagate,st3320418as,5vmh59jx,320072,harddrive-seagate-st3320418as-5vmh59jx,5vmh59jx,320072,Workbench 11.0b11,Success,EraseBasic,Shred,1:00:09,2020-10-07 16:18:31.170942+00:00,✓ – StepRandom 1:00:09,2020-10-07 15:18:21.635529+00:00,2020-10-07 16:18:30.750273+00:00,97.4,23.1,,,,,,,,,,,,,,,,,,,,,,,,,,,,,,,,,,,,,,,,,,,,,,,,,,,,,,,,,,,,,,,,,,,,,,,,,,,,,,"Motherboard 210: model 3646h, S/N czc038bqtp",hewlett-packard,3646h,czc038bqtp,,,,,"GraphicCard 209: model 4 series chipset integrated graphics controller, S/N None",intel corporation,4 series chipset integrated graphics controller,,,,,,,,"NetworkAdapter 208: model 82567lm-3 gigabit network connection, S/N 1c:c1:de:57:62:36",intel corporation,82567lm-3 gigabit network connection,1c:c1:de:57:62:36,,,,,"SoundCard 204: model 82801jd/do hd audio controller, S/N None",intel corporation,82801jd/do hd audio controller,,,,,,3.98,HIGH,3.92,HIGH,4.16,HIGH,3.88,HIGH,79.60 €,5.9573
211,https://api.usody.com/usody/devices/211,unamed,G5JNB,My Organization,,,,,,,desktop-hewlett-packard-hp_compaq_8000_elite_sff-czc038bqt8,Desktop,Tower,czc038bqt8,hp compaq 8000 elite sff,hewlett-packard,Wed Oct  7 16:18:48 2020,Workbench 11.0b11,2020-10-07 16:18:48.597547+00:00,,,,intel core2 quad cpu q9550 @ 2.83ghz,4096,320072,"Processor 356: model intel core2 quad cpu q9550 @ 2.83ghz, S/N None",intel corp.,intel core2 quad cpu q9550 @ 2.83ghz,,4,1998,22610.6,10.4732,,,,,,,,,"RamModule 214: model 8jtf25664az-1g4d1, S/N b1c72c29",jedec id:80 2c,8jtf25664az-1g4d1,b1c72c29,2048,1333,"RamModule 215: model 8jtf25664az-1g4d1, S/N b0c72c29",jedec id:80 2c,8jtf25664az-1g4d1,b0c72c29,2048,1333,,,,,,,,,,,,,"HardDrive 216: model st3320418as, S/N 5vmhhdar",seagate,st3320418as,5vmhhdar,320072,harddrive-seagate-st3320418as-5vmhhdar,5vmhhdar,320072,Workbench 11.0b11,Success,EraseBasic,Shred,0:59:47,2020-10-13 14:16:09.817965+00:00,✓ – StepRandom 0:59:47,2020-10-13 13:16:20.622274+00:00,2020-10-13 14:16:08.498548+00:00,93.2,22.6,Workbench 11.0b11,Short,Success,1547,"304 days, 13:00:00",,,,,,,,,,,,,,,,,,,,,,,,,,,,,,,,,,,,,,,,,,,,,,,,,,,,,,,,,,,,,,,,,,,,,,,,,"Motherboard 219: model 3646h, S/N czc038bqt8",hewlett-packard,3646h,czc038bqt8,,,,,"GraphicCard 218: model 4 series chipset integrated graphics controller, S/N None",intel corporation,4 series chipset integrated graphics controller,,,,,,,,"NetworkAdapter 217: model 82567lm-3 gigabit network connection, S/N 00:23:24:13:a7:3c",intel corporation,82567lm-3 gigabit network connection,00:23:24:13:a7:3c,,,,,"SoundCard 213: model 82801jd/do hd audio controller, S/N None",intel corporation,82801jd/do hd audio controller,,,,,,3.98,HIGH,3.92,HIGH,4.16,HIGH,3.87,HIGH,79.60 €,5.9566
220,https://api.usody.com/usody/devices/220,unamed,9VDD9,My Organization,,,,,,,desktop-hewlett-packard-hp_compaq_8000_elite_sff-czc038bqtm,Desktop,Tower,czc038bqtm,hp compaq 8000 elite sff,hewlett-packard,Wed Oct  7 16:21:01 2020,Workbench 11.0b11,2020-10-07 16:21:01.466439+00:00,,,,intel core2 quad cpu q9550 @ 2.83ghz,4096,320072,"Processor 222: model intel core2 quad cpu q9550 @ 2.83ghz, S/N None",intel corp.,intel core2 quad cpu q9550 @ 2.83ghz,,4,1998,22612.2,10466,,,,,,,,,"RamModule 223: model 8jtf25664az-1g4d1, S/N adb01931",jedec id:80 2c,8jtf25664az-1g4d1,adb01931,2048,1333,"RamModule 224: model 8jtf25664az-1g4d1, S/N abb01931",jedec id:80 2c,8jtf25664az-1g4d1,abb01931,2048,1333,,,,,,,,,,,,,"HardDrive 225: model st3320418as, S/N 5vmh59lr",seagate,st3320418as,5vmh59lr,320072,harddrive-seagate-st3320418as-5vmh59lr,5vmh59lr,320072,Workbench 11.0b11,Success,EraseBasic,Shred,0:59:58,2020-10-13 14:12:39.193190+00:00,✓ – StepRandom 0:59:58,2020-10-13 13:12:40.130130+00:00,2020-10-13 14:12:38.445386+00:00,96.5,22.9,Workbench 11.0b11,Short,Success,3363,"1187 days, 10:00:00",,,,,,,,,,,,,,,,,,,,,,,,,,,,,,,,,,,,,,,,,,,,,,,,,,,,,,,,,,,,,,,,,,,,,,,,,"Motherboard 228: model 3646h, S/N czc038bqtm",hewlett-packard,3646h,czc038bqtm,,,,,"GraphicCard 227: model 4 series chipset integrated graphics controller, S/N None",intel corporation,4 series chipset integrated graphics controller,,,,,,,,"NetworkAdapter 221: model 82567lm-3 gigabit network connection, S/N 1c:c1:de:57:8e:bb",intel corporation,82567lm-3 gigabit network connection,1c:c1:de:57:8e:bb,,,,,"SoundCard 226: model 82801jd/do hd audio controller, S/N None",intel corporation,82801jd/do hd audio controller,,,,,,3.98,HIGH,3.92,HIGH,4.16,HIGH,3.88,HIGH,79.60 €,6.0051
229,https://api.usody.com/usody/devices/229,unamed,OBQV5,My Organization,,,,,,,desktop-hewlett-packard-hp_compaq_8000_elite_sff-czc038bqv2,Desktop,Tower,czc038bqv2,hp compaq 8000 elite sff,hewlett-packard,Wed Oct  7 16:27:18 2020,Workbench 11.0b11,2020-10-07 16:27:18.701978+00:00,,,,intel core2 quad cpu q9550 @ 2.83ghz,4096,320072,"Processor 232: model intel core2 quad cpu q9550 @ 2.83ghz, S/N None",intel corp.,intel core2 quad cpu q9550 @ 2.83ghz,,4,1998,22609.76,10.4609,,,,,,,,,"RamModule 233: model 8jtf25664az-1g4d1, S/N 91b01931",jedec id:80 2c,8jtf25664az-1g4d1,91b01931,2048,1333,"RamModule 234: model 8jtf25664az-1g4d1, S/N 86b01931",jedec id:80 2c,8jtf25664az-1g4d1,86b01931,2048,1333,,,,,,,,,,,,,"HardDrive 235: model st3320418as, S/N 9vmnkrq7",seagate,st3320418as,9vmnkrq7,320072,harddrive-seagate-st3320418as-9vmnkrq7,9vmnkrq7,320072,Workbench 11.0b11,Success,EraseBasic,Shred,1:00:13,2020-10-13 16:30:53.043323+00:00,✓ – StepRandom 1:00:13,2020-10-13 15:30:38.727852+00:00,2020-10-13 16:30:52.121940+00:00,101.0,23.0,Workbench 11.0b11,Short,Success,1204,"414 days, 3:00:00",,,,,,,,,,,,,,,,,,,,,,,,,,,,,,,,,,,,,,,,,,,,,,,,,,,,,,,,,,,,,,,,,,,,,,,,,"Motherboard 237: model 3646h, S/N czc038bqv2",hewlett-packard,3646h,czc038bqv2,,,,,"GraphicCard 236: model 4 series chipset integrated graphics controller, S/N None",intel corporation,4 series chipset integrated graphics controller,,,,,,,,"NetworkAdapter 230: model 82567lm-3 gigabit network connection, S/N 1c:c1:de:57:8e:b1",intel corporation,82567lm-3 gigabit network connection,1c:c1:de:57:8e:b1,,,,,"SoundCard 231: model 82801jd/do hd audio controller, S/N None",intel corporation,82801jd/do hd audio controller,,,,,,3.98,HIGH,3.92,HIGH,4.16,HIGH,3.88,HIGH,79.60 €,6.0343
238,https://api.usody.com/usody/devices/238,unamed,94QDB,My Organization,,,,,,,desktop-hewlett-packard-hp_compaq_8000_elite_sff-czc038bqs6,Desktop,Tower,czc038bqs6,hp compaq 8000 elite sff,hewlett-packard,Wed Oct  7 16:27:53 2020,Workbench 11.0b11,2020-10-07 16:27:53.408055+00:00,,,,intel core2 quad cpu q9550 @ 2.83ghz,4096,320072,"Processor 355: model intel core2 quad cpu q9550 @ 2.83ghz, S/N None",intel corp.,intel core2 quad cpu q9550 @ 2.83ghz,,4,1998,22610.52,10.3607,,,,,,,,,"RamModule 242: model 8jtf25664az-1g4d1, S/N dbc72c29",jedec id:80 2c,8jtf25664az-1g4d1,dbc72c29,2048,1333,"RamModule 243: model 8jtf25664az-1g4d1, S/N dac72c29",jedec id:80 2c,8jtf25664az-1g4d1,dac72c29,2048,1333,,,,,,,,,,,,,"HardDrive 244: model st3320418as, S/N 5vmhgyfr",seagate,st3320418as,5vmhgyfr,320072,harddrive-seagate-st3320418as-5vmhgyfr,5vmhgyfr,320072,Workbench 11.0b11,Success,EraseBasic,Shred,1:00:18,2020-10-13 14:11:21.096358+00:00,✓ – StepRandom 1:00:18,2020-10-13 13:11:02.296736+00:00,2020-10-13 14:11:20.508755+00:00,97.8,22.8,Workbench 11.0b11,Short,Success,1945,"437 days, 13:00:00",,,,,,,,,,,,,,,,,,,,,,,,,,,,,,,,,,,,,,,,,,,,,,,,,,,,,,,,,,,,,,,,,,,,,,,,,"Motherboard 246: model 3646h, S/N czc038bqs6",hewlett-packard,3646h,czc038bqs6,,,,,"GraphicCard 245: model 4 series chipset integrated graphics controller, S/N None",intel corporation,4 series chipset integrated graphics controller,,,,,,,,"NetworkAdapter 239: model 82567lm-3 gigabit network connection, S/N 00:23:24:13:a4:ff",intel corporation,82567lm-3 gigabit network connection,00:23:24:13:a4:ff,,,,,"SoundCard 241: model 82801jd/do hd audio controller, S/N None",intel corporation,82801jd/do hd audio controller,,,,,,3.98,HIGH,3.92,HIGH,4.16,HIGH,3.88,HIGH,79.60 €,6.0076
247,https://api.usody.com/usody/devices/247,unamed,B27D5,My Organization,,,,,,,desktop-hewlett-packard-hp_compaq_8000_elite_sff-czc038bqtk,Desktop,Tower,czc038bqtk,hp compaq 8000 elite sff,hewlett-packard,Wed Oct  7 16:30:12 2020,Workbench 11.0b11,2020-10-07 16:30:12.596859+00:00,,,,intel core2 quad cpu q9550 @ 2.83ghz,4096,320072,"Processor 376: model intel core2 quad cpu q9550 @ 2.83ghz, S/N None",intel corp.,intel core2 quad cpu q9550 @ 2.83ghz,,4,2833,22610.0,10.4607,,,,,,,,,"RamModule 250: model 8jtf25664az-1g4d1, S/N a5b01931",jedec id:80 2c,8jtf25664az-1g4d1,a5b01931,2048,1333,"RamModule 251: model 8jtf25664az-1g4d1, S/N a4b01931",jedec id:80 2c,8jtf25664az-1g4d1,a4b01931,2048,1333,,,,,,,,,,,,,"HardDrive 377: model st3320418as, S/N 5vmhgk8w",seagate,st3320418as,5vmhgk8w,320072,harddrive-seagate-st3320418as-5vmhgk8w,5vmhgk8w,320072,Workbench 11.0b11,Success,EraseBasic,Shred,0:59:50,2020-10-13 18:03:09.533765+00:00,✓ – StepRandom 0:59:50,2020-10-13 17:03:17.765428+00:00,2020-10-13 18:03:08.347292+00:00,98.9,23.0,,,,,,,,,,,,,,,,,,,,,,,,,,,,,,,,,,,,,,,,,,,,,,,,,,,,,,,,,,,,,,,,,,,,,,,,,,,,,,"Motherboard 254: model 3646h, S/N czc038bqtk",hewlett-packard,3646h,czc038bqtk,,,,,"GraphicCard 253: model 4 series chipset integrated graphics controller, S/N None",intel corporation,4 series chipset integrated graphics controller,,,,,,,,"NetworkAdapter 252: model 82567lm-3 gigabit network connection, S/N 1c:c1:de:57:8e:bc",intel corporation,82567lm-3 gigabit network connection,1c:c1:de:57:8e:bc,,,,,"SoundCard 249: model 82801jd/do hd audio controller, S/N None",intel corporation,82801jd/do hd audio controller,,,,,,4.02,HIGH,4.0,HIGH,4.16,HIGH,3.88,HIGH,80.40 €,6.0052
264,https://api.usody.com/usody/devices/264,unamed,9M4NB,My Organization,,,,,,,desktop-hewlett-packard-hp_compaq_8000_elite_sff-czc038bqt7,Desktop,Tower,czc038bqt7,hp compaq 8000 elite sff,hewlett-packard,Wed Oct  7 16:32:13 2020,Workbench 11.0b11,2020-10-07 16:32:13.831763+00:00,,,,intel core2 quad cpu q9550 @ 2.83ghz,4096,320072,"Processor 359: model intel core2 quad cpu q9550 @ 2.83ghz, S/N None",intel corp.,intel core2 quad cpu q9550 @ 2.83ghz,,4,1998,22611.12,10.4826,,,,,,,,,"RamModule 267: model 8jtf25664az-1g4d1, S/N a8c72c29",jedec id:80 2c,8jtf25664az-1g4d1,a8c72c29,2048,1333,"RamModule 268: model 8jtf25664az-1g4d1, S/N adc72c29",jedec id:80 2c,8jtf25664az-1g4d1,adc72c29,2048,1333,,,,,,,,,,,,,"HardDrive 269: model st3320418as, S/N 5vmhesya",seagate,st3320418as,5vmhesya,320072,harddrive-seagate-st3320418as-5vmhesya,5vmhesya,320072,Workbench 11.0b11,Success,EraseBasic,Shred,1:04:10,2020-10-13 14:35:14.274825+00:00,✓ – StepRandom 1:04:10,2020-10-13 13:31:03.670197+00:00,2020-10-13 14:35:13.857370+00:00,101.0,22.7,Workbench 11.0b11,Short,Success,1885,"398 days, 1:00:00",,,,,,,,,,,,,,,,,,,,,,,,,,,,,,,,,,,,,,,,,,,,,,,,,,,,,,,,,,,,,,,,,,,,,,,,,"Motherboard 272: model 3646h, S/N czc038bqt7",hewlett-packard,3646h,czc038bqt7,,,,,"GraphicCard 271: model 4 series chipset integrated graphics controller, S/N None",intel corporation,4 series chipset integrated graphics controller,,,,,,,,"NetworkAdapter 270: model 82567lm-3 gigabit network connection, S/N 00:23:24:13:a6:bd",intel corporation,82567lm-3 gigabit network connection,00:23:24:13:a6:bd,,,,,"SoundCard 266: model 82801jd/do hd audio controller, S/N None",intel corporation,82801jd/do hd audio controller,,,,,,3.98,HIGH,3.92,HIGH,4.16,HIGH,3.88,HIGH,79.60 €,6.0175
273,https://api.usody.com/usody/devices/273,unamed,9WRE5,My Organization,,,,,,,desktop-hewlett-packard-hp_compaq_elite_8300_sff-czc2485030,Desktop,Tower,czc2485030,hp compaq elite 8300 sff,hewlett-packard,Wed Oct  7 16:36:19 2020,Workbench 11.0b11,2020-10-07 16:36:19.805878+00:00,,,,intel core i5-3470 cpu @ 3.20ghz,8192,500107,"Processor 366: model intel core i5-3470 cpu @ 3.20ghz, S/N None",intel corp.,intel core i5-3470 cpu @ 3.20ghz,,4,1.601367,25540.84,7.6974,,,,,,,,,"RamModule 276: model nt4gc64b8hg0nf-di, S/N 6637bc13",nanya technology,nt4gc64b8hg0nf-di,6637bc13,4096,1600,"RamModule 277: model nt4gc64b8hg0nf-di, S/N c647bc1c",nanya technology,nt4gc64b8hg0nf-di,c647bc1c,4096,1600,,,,,,,,,,,,,"HardDrive 278: model st500dm002-1bd14, S/N z3t9thpy",seagate,st500dm002-1bd14,z3t9thpy,500107,harddrive-seagate-st500dm002-1bd14-z3t9thpy,z3t9thpy,500107,Workbench 11.0b11,Success,EraseBasic,Shred,1:11:37,2020-10-13 16:38:41.429330+00:00,✓ – StepRandom 1:11:37,2020-10-13 15:27:02.747340+00:00,2020-10-13 16:38:40.604867+00:00,141.0,20.9,Workbench 11.0b11,Short,Success,1371,"390 days, 21:00:00",,,,,,,,,,,,,,,,,,,,,,,,,,,,,,,,,,,,,,,,,,,,,,,,,,,,,,,,,,,,,,,,,,,,,,,,,"Motherboard 281: model 3397, S/N czc2485030",hewlett-packard,3397,czc2485030,,,,,"GraphicCard 280: model xeon e3-1200 v2/3rd gen core processor graphics controller, S/N None",intel corporation,xeon e3-1200 v2/3rd gen core processor graphics controller,,,,,,,,"NetworkAdapter 279: model 82579lm gigabit network connection, S/N b4:b5:2f:ca:a3:ec",intel corporation,82579lm gigabit network connection,b4:b5:2f:ca:a3:ec,,,,,"SoundCard 275: model 7 series/c216 chipset family high definition audio controller, S/N None",intel corporation,7 series/c216 chipset family high definition audio controller,,,,,,3.93,HIGH,3.92,HIGH,3.9,HIGH,4.0,HIGH,78.60 €,0.6896
282,https://api.usody.com/usody/devices/282,unamed,97ERB,My Organization,,,,,,,desktop-hewlett-packard-hp_compaq_8000_elite_sff-czc038bqsp,Desktop,Tower,,hp compaq 8000 elite sff,hewlett-packard,Wed Oct  7 16:37:58 2020,Workbench 11.0b11,2020-10-07 16:37:58.813248+00:00,,,,intel core2 quad cpu q9550 @ 2.83ghz,0,0,"Processor 288: model intel core2 quad cpu q9550 @ 2.83ghz, S/N None",intel corp.,intel core2 quad cpu q9550 @ 2.83ghz,,4,2833,22611.72,11.2126,,,,,,,,,,,,,,,,,,,,,,,,,,,,,,,,,,,,,,,,,,,,,,,,,,,,,,,,,,,,,,,,,,,,,,,,,,,,,,,,,,,,,,,,,,,,,,,,,,,,,,,,,,,,,,,,,,,,,,,,,,,,,,,,,"Motherboard 290: model 3646h, S/N None",hewlett-packard,3646h,,,,,,"GraphicCard 289: model 4 series chipset integrated graphics controller, S/N None",intel corporation,4 series chipset integrated graphics controller,,,,,,,,,,,,,,,,"SoundCard 284: model 82801jd/do hd audio controller, S/N None",intel corporation,82801jd/do hd audio controller,,,,,,4.02,HIGH,4.0,HIGH,4.16,HIGH,3.88,HIGH,80.40 €,6.0424
291,https://api.usody.com/usody/devices/291,unamed,9K3P9,My Organization,,,,,,,desktop-hewlett-packard-hp_compaq_8000_elite_sff-czc038bqrx,Desktop,Tower,czc038bqrx,hp compaq 8000 elite sff,hewlett-packard,Wed Oct  7 16:38:38 2020,Workbench 11.0b11,2020-10-07 16:38:38.852336+00:00,,,,intel core2 quad cpu q9550 @ 2.83ghz,4096,320072,"Processor 336: model intel core2 quad cpu q9550 @ 2.83ghz, S/N None",intel corp.,intel core2 quad cpu q9550 @ 2.83ghz,,4,2833,22610.16,10.4827,,,,,,,,,"RamModule 294: model 8jtf25664az-1g4d1, S/N 8fc72c29",jedec id:80 2c,8jtf25664az-1g4d1,8fc72c29,2048,1333,"RamModule 295: model 8jtf25664az-1g4d1, S/N 93c72c29",jedec id:80 2c,8jtf25664az-1g4d1,93c72c29,2048,1333,,,,,,,,,,,,,"HardDrive 296: model st3320418as, S/N 5vmhgjyt",seagate,st3320418as,5vmhgjyt,320072,harddrive-seagate-st3320418as-5vmhgjyt,5vmhgjyt,320072,Workbench 11.0b11,Success,EraseBasic,Shred,1:00:13,2020-10-07 17:47:20.154087+00:00,✓ – StepRandom 1:00:13,2020-10-07 16:47:06.294796+00:00,2020-10-07 17:47:19.489600+00:00,97.7,22.5,Workbench 11.0b11,Short,Success,2107,"947 days, 5:00:00",,,,,,,,,,,,,,,,,,,,,,,,,,,,,,,,,,,,,,,,,,,,,,,,,,,,,,,,,,,,,,,,,,,,,,,,,"Motherboard 299: model 3646h, S/N czc038bqrx",hewlett-packard,3646h,czc038bqrx,,,,,"GraphicCard 298: model 4 series chipset integrated graphics controller, S/N None",intel corporation,4 series chipset integrated graphics controller,,,,,,,,"NetworkAdapter 292: model 82567lm-3 gigabit network connection, S/N 00:23:24:13:a7:7c",intel corporation,82567lm-3 gigabit network connection,00:23:24:13:a7:7c,,,,,"SoundCard 297: model 82801jd/do hd audio controller, S/N None",intel corporation,82801jd/do hd audio controller,,,,,,4.02,HIGH,4.0,HIGH,4.16,HIGH,3.87,HIGH,80.40 €,5.9893
300,https://api.usody.com/usody/devices/300,unamed,J9XO9,My Organization,,,,,,,desktop-hewlett-packard-hp_compaq_8000_elite_sff-czc038bqv0,Desktop,Tower,czc038bqv0,hp compaq 8000 elite sff,hewlett-packard,Wed Oct  7 16:40:59 2020,Workbench 11.0b11,2020-10-07 16:40:59.649574+00:00,,,,intel core2 quad cpu q9550 @ 2.83ghz,4096,320072,"Processor 337: model intel core2 quad cpu q9550 @ 2.83ghz, S/N None",intel corp.,intel core2 quad cpu q9550 @ 2.83ghz,,4,2833,22608.64,10.4371,,,,,,,,,"RamModule 303: model 8jtf25664az-1g4d1, S/N b8b01931",jedec id:80 2c,8jtf25664az-1g4d1,b8b01931,2048,1333,"RamModule 304: model 8jtf25664az-1g4d1, S/N b7b01931",jedec id:80 2c,8jtf25664az-1g4d1,b7b01931,2048,1333,,,,,,,,,,,,,"HardDrive 305: model st3320418as, S/N 5vmhgye2",seagate,st3320418as,5vmhgye2,320072,harddrive-seagate-st3320418as-5vmhgye2,5vmhgye2,320072,Workbench 11.0b11,Success,EraseBasic,Shred,0:59:55,2020-10-07 16:40:59.671537+00:00,✓ – StepRandom 0:59:55,2020-10-07 15:41:03.262166+00:00,2020-10-07 16:40:59.256966+00:00,99.7,23.0,Workbench 11.0b11,Short,Success,2132,"1286 days, 13:00:00",,,,,,,,,,,,,,,,,,,,,,,,,,,,,,,,,,,,,,,,,,,,,,,,,,,,,,,,,,,,,,,,,,,,,,,,,"Motherboard 308: model 3646h, S/N czc038bqv0",hewlett-packard,3646h,czc038bqv0,,,,,"GraphicCard 307: model 4 series chipset integrated graphics controller, S/N None",intel corporation,4 series chipset integrated graphics controller,,,,,,,,"NetworkAdapter 301: model 82567lm-3 gigabit network connection, S/N 1c:c1:de:57:5f:2a",intel corporation,82567lm-3 gigabit network connection,1c:c1:de:57:5f:2a,,,,,"SoundCard 306: model 82801jd/do hd audio controller, S/N None",intel corporation,82801jd/do hd audio controller,,,,,,4.02,HIGH,4.0,HIGH,4.16,HIGH,3.88,HIGH,80.40 €,6.0163
309,https://api.usody.com/usody/devices/309,unamed,56ZD5,My Organization,,,,,,,desktop-hewlett-packard-hp_compaq_8000_elite_sff-czc038bqrt,Desktop,Tower,czc038bqrt,hp compaq 8000 elite sff,hewlett-packard,Wed Oct  7 16:44:38 2020,Workbench 11.0b11,2020-10-07 16:44:38.913092+00:00,,,,intel core2 quad cpu q9550 @ 2.83ghz,4096,320072,"Processor 310: model intel core2 quad cpu q9550 @ 2.83ghz, S/N None",intel corp.,intel core2 quad cpu q9550 @ 2.83ghz,,4,1998,22610.44,10.4877,,,,,,,,,"RamModule 312: model 8jtf25664az-1g4d1, S/N c0c72c29",jedec id:80 2c,8jtf25664az-1g4d1,c0c72c29,2048,1333,"RamModule 313: model 8jtf25664az-1g4d1, S/N bfc72c29",jedec id:80 2c,8jtf25664az-1g4d1,bfc72c29,2048,1333,,,,,,,,,,,,,"HardDrive 314: model st3320418as, S/N 9vmnjp5m",seagate,st3320418as,9vmnjp5m,320072,harddrive-seagate-st3320418as-9vmnjp5m,9vmnjp5m,320072,Workbench 11.0b11,Success,EraseBasic,Shred,0:59:51,2020-10-13 15:18:23.591539+00:00,✓ – StepRandom 0:59:51,2020-10-13 14:18:31.302560+00:00,2020-10-13 15:18:23.207294+00:00,96.3,22.7,Workbench 11.0b11,Short,Success,532,"129 days, 8:00:00",,,,,,,,,,,,,,,,,,,,,,,,,,,,,,,,,,,,,,,,,,,,,,,,,,,,,,,,,,,,,,,,,,,,,,,,,"Motherboard 317: model 3646h, S/N czc038bqrt",hewlett-packard,3646h,czc038bqrt,,,,,"GraphicCard 316: model 4 series chipset integrated graphics controller, S/N None",intel corporation,4 series chipset integrated graphics controller,,,,,,,,"NetworkAdapter 315: model 82567lm-3 gigabit network connection, S/N 00:23:24:13:a7:85",intel corporation,82567lm-3 gigabit network connection,00:23:24:13:a7:85,,,,,"SoundCard 311: model 82801jd/do hd audio controller, S/N None",intel corporation,82801jd/do hd audio controller,,,,,,3.98,HIGH,3.92,HIGH,4.16,HIGH,3.87,HIGH,79.60 €,6.0929
318,https://api.usody.com/usody/devices/318,unamed,9XZOB,My Organization,,,,,,,desktop-hewlett-packard-hp_compaq_8000_elite_sff-czc038bqsn,Desktop,Tower,czc038bqsn,hp compaq 8000 elite sff,hewlett-packard,Wed Oct  7 16:46:54 2020,Workbench 11.0b11,2020-10-07 16:46:54.405474+00:00,,,,intel core2 quad cpu q9550 @ 2.83ghz,4096,320072,"Processor 348: model intel core2 quad cpu q9550 @ 2.83ghz, S/N None",intel corp.,intel core2 quad cpu q9550 @ 2.83ghz,,4,1998,22609.6,10.4916,,,,,,,,,"RamModule 322: model 8jtf25664az-1g4d1, S/N beb01931",jedec id:80 2c,8jtf25664az-1g4d1,beb01931,2048,1333,"RamModule 349: model 8jtf25664az-1g4d1, S/N 177b1a31",jedec id:80 2c,8jtf25664az-1g4d1,177b1a31,2048,1333,,,,,,,,,,,,,"HardDrive 323: model st3320418as, S/N 5vmhhdht",seagate,st3320418as,5vmhhdht,320072,harddrive-seagate-st3320418as-5vmhhdht,5vmhhdht,320072,Workbench 11.0b11,Success,EraseBasic,Shred,0:58:37,2020-10-13 14:08:24.073939+00:00,✓ – StepRandom 0:58:37,2020-10-13 13:09:45.751315+00:00,2020-10-13 14:08:23.375608+00:00,107.0,25.3,Workbench 11.0b11,Short,Success,3133,"835 days, 19:00:00",,,,,,,,,,,,,,,,,,,,,,,,,,,,,,,,,,,,,,,,,,,,,,,,,,,,,,,,,,,,,,,,,,,,,,,,,"Motherboard 325: model 3646h, S/N czc038bqsn",hewlett-packard,3646h,czc038bqsn,,,,,"GraphicCard 320: model 4 series chipset integrated graphics controller, S/N None",intel corporation,4 series chipset integrated graphics controller,,,,,,,,"NetworkAdapter 319: model 82567lm-3 gigabit network connection, S/N 1c:c1:de:57:8e:7d",intel corporation,82567lm-3 gigabit network connection,1c:c1:de:57:8e:7d,,,,,"SoundCard 324: model 82801jd/do hd audio controller, S/N None",intel corporation,82801jd/do hd audio controller,,,,,,3.98,HIGH,3.92,HIGH,4.16,HIGH,3.9,HIGH,79.60 €,5.9917
326,https://api.usody.com/usody/devices/326,unamed,9DPJ9,My Organization,,,,,,,desktop-hewlett-packard-hp_compaq_8000_elite_sff-czc038bqsh,Desktop,Tower,czc038bqsh,hp compaq 8000 elite sff,hewlett-packard,Wed Oct  7 16:49:01 2020,Workbench 11.0b11,2020-10-07 16:49:01.310434+00:00,,,,intel core2 quad cpu q9550 @ 2.83ghz,4096,320072,"Processor 327: model intel core2 quad cpu q9550 @ 2.83ghz, S/N None",intel corp.,intel core2 quad cpu q9550 @ 2.83ghz,,4,1998,22611.32,10.5392,,,,,,,,,"RamModule 329: model 8jtf25664az-1g4d1, S/N f3c72c29",jedec id:80 2c,8jtf25664az-1g4d1,f3c72c29,2048,1333,"RamModule 330: model 8jtf25664az-1g4d1, S/N f2c72c29",jedec id:80 2c,8jtf25664az-1g4d1,f2c72c29,2048,1333,,,,,,,,,,,,,"HardDrive 331: model st3320418as, S/N 5vmhhd9s",seagate,st3320418as,5vmhhd9s,320072,harddrive-seagate-st3320418as-5vmhhd9s,5vmhhd9s,320072,Workbench 11.0b11,Success,EraseBasic,Shred,1:00:10,2020-10-13 15:14:20.869174+00:00,✓ – StepRandom 1:00:10,2020-10-13 14:14:09.979232+00:00,2020-10-13 15:14:20.313475+00:00,96.5,22.7,Workbench 11.0b11,Short,Success,1496,"764 days, 23:00:00",,,,,,,,,,,,,,,,,,,,,,,,,,,,,,,,,,,,,,,,,,,,,,,,,,,,,,,,,,,,,,,,,,,,,,,,,"Motherboard 334: model 3646h, S/N czc038bqsh",hewlett-packard,3646h,czc038bqsh,,,,,"GraphicCard 333: model 4 series chipset integrated graphics controller, S/N None",intel corporation,4 series chipset integrated graphics controller,,,,,,,,"NetworkAdapter 332: model 82567lm-3 gigabit network connection, S/N 00:23:24:13:a7:00",intel corporation,82567lm-3 gigabit network connection,00:23:24:13:a7:00,,,,,"SoundCard 328: model 82801jd/do hd audio controller, S/N None",intel corporation,82801jd/do hd audio controller,,,,,,3.98,HIGH,3.92,HIGH,4.16,HIGH,3.87,HIGH,79.60 €,6.0177
338,https://api.usody.com/usody/devices/338,unamed,L98XB,My Organization,,,,,,,desktop-hewlett-packard-hp_compaq_8000_elite_sff-czc038bqs2,Desktop,Tower,czc038bqs2,hp compaq 8000 elite sff,hewlett-packard,Fri Oct  9 09:29:17 2020,Workbench 11.0b11,2020-10-09 09:29:17.221309+00:00,,,,intel core2 quad cpu q9550 @ 2.83ghz,4096,320072,"Processor 339: model intel core2 quad cpu q9550 @ 2.83ghz, S/N None",intel corp.,intel core2 quad cpu q9550 @ 2.83ghz,,4,2833,22611.68,10.4737,,,,,,,,,"RamModule 342: model 8jtf25664az-1g4d1, S/N 9cc72c29",jedec id:80 2c,8jtf25664az-1g4d1,9cc72c29,2048,1333,"RamModule 343: model 8jtf25664az-1g4d1, S/N 9bc72c29",jedec id:80 2c,8jtf25664az-1g4d1,9bc72c29,2048,1333,,,,,,,,,,,,,"HardDrive 72: model st3320418as, S/N 9vmnh8tt",seagate,st3320418as,9vmnh8tt,320072,harddrive-seagate-st3320418as-9vmnh8tt,9vmnh8tt,320072,Workbench 11.0b11,Success,EraseBasic,Shred,0:59:51,2020-10-07 17:14:20.452798+00:00,✓ – StepRandom 0:59:51,2020-10-07 16:14:28.325981+00:00,2020-10-07 17:14:19.801462+00:00,102.0,23.3,Workbench 11.0b11,Short,Success,1827,"939 days, 14:00:00",,,,,,,,,,,,,,,,,,,,,,,,,,,,,,,,,,,,,,,,,,,,,,,,,,,,,,,,,,,,,,,,,,,,,,,,,"Motherboard 345: model 3646h, S/N czc038bqs2",hewlett-packard,3646h,czc038bqs2,,,,,"GraphicCard 341: model 4 series chipset integrated graphics controller, S/N None",intel corporation,4 series chipset integrated graphics controller,,,,,,,,"NetworkAdapter 344: model 82567lm-3 gigabit network connection, S/N 1c:c1:de:53:77:65",intel corporation,82567lm-3 gigabit network connection,1c:c1:de:53:77:65,,,,,"SoundCard 340: model 82801jd/do hd audio controller, S/N None",intel corporation,82801jd/do hd audio controller,,,,,,4.02,HIGH,4.0,HIGH,4.16,HIGH,3.88,HIGH,80.40 €,6.0218
360,https://api.usody.com/usody/devices/360,,,,,,,,,,,Desktop,Tower,,,hewlett-packard,Tue Oct 13 15:23:08 2020,Workbench 11.0b11,2020-10-13 15:23:08.198560+00:00,,,,intel core2 quad cpu q9550 @ 2.83ghz,0,0,"Processor 362: model intel core2 quad cpu q9550 @ 2.83ghz, S/N None",intel corp.,intel core2 quad cpu q9550 @ 2.83ghz,,4,1998,22609.48,10.5006,,,,,,,,,,,,,,,,,,,,,,,,,,,,,,,,,,,,,,,,,,,,,,,,,,,,,,,,,,,,,,,,,,,,,,,,,,,,,,,,,,,,,,,,,,,,,,,,,,,,,,,,,,,,,,,,,,,,,,,,,,,,,,,,,"Motherboard 364: model 3646h, S/N None",hewlett-packard,3646h,,,,,,"GraphicCard 363: model 4 series chipset integrated graphics controller, S/N None",intel corporation,4 series chipset integrated graphics controller,,,,,,,,,,,,,,,,"SoundCard 361: model 82801jd/do hd audio controller, S/N None",intel corporation,82801jd/do hd audio controller,,,,,,3.98,HIGH,3.92,HIGH,4.16,HIGH,3.88,HIGH,79.60 €,6.0117
369,https://api.usody.com/usody/devices/369,unamed,5P7V9,My Organization,,,,,,,desktop-hewlett-packard-hp_compaq_8000_elite_sff-czc038bqsp,Desktop,Tower,czc038bqsp,hp compaq 8000 elite sff,hewlett-packard,Tue Oct 13 17:03:21 2020,Workbench 11.0b11,2020-10-13 17:03:21.596961+00:00,,,,intel core2 quad cpu q9550 @ 2.83ghz,4096,320072,"Processor 371: model intel core2 quad cpu q9550 @ 2.83ghz, S/N None",intel corp.,intel core2 quad cpu q9550 @ 2.83ghz,,4,1998,22610.0,10.3172,,,,,,,,,"RamModule 285: model 8jtf25664az-1g4d1, S/N c0b01931",jedec id:80 2c,8jtf25664az-1g4d1,c0b01931,2048,1333,"RamModule 286: model 8jtf25664az-1g4d1, S/N bfb01931",jedec id:80 2c,8jtf25664az-1g4d1,bfb01931,2048,1333,,,,,,,,,,,,,"HardDrive 287: model st3320418as, S/N 5vmhgjqj",seagate,st3320418as,5vmhgjqj,320072,harddrive-seagate-st3320418as-5vmhgjqj,5vmhgjqj,320072,Workbench 11.0b11,Success,EraseBasic,Shred,0:58:45,2020-10-13 15:23:08.211578+00:00,✓ – StepRandom 0:58:45,2020-10-13 14:24:22.054763+00:00,2020-10-13 15:23:07.639547+00:00,102.0,23.3,Workbench 11.0b11,Short,Success,2375,"1060 days, 0:00:00",,,,,,,,,,,,,,,,,,,,,,,,,,,,,,,,,,,,,,,,,,,,,,,,,,,,,,,,,,,,,,,,,,,,,,,,,"Motherboard 373: model 3646h, S/N None",hewlett-packard,3646h,,,,,,"GraphicCard 372: model 4 series chipset integrated graphics controller, S/N None",intel corporation,4 series chipset integrated graphics controller,,,,,,,,"NetworkAdapter 283: model 82567lm-3 gigabit network connection, S/N 00:23:24:02:90:49",intel corporation,82567lm-3 gigabit network connection,00:23:24:02:90:49,,,,,"SoundCard 370: model 82801jd/do hd audio controller, S/N None",intel corporation,82801jd/do hd audio controller,,,,,,3.98,HIGH,3.92,HIGH,4.16,HIGH,3.88,HIGH,79.60 €,5.9699
